Workbook

Sheet Vedhaan Impact Summary
A1: Metric | B1: Before Vedhaan | C1: After Vedhaan | D1: Absolute Difference | E1: % Change
A2: Total Appointments | D2: =C2-B2 | E2: =IF(B2=0,"-", (C2-B2)/B2)
A3: Total Revenue (₹) | D3: =C3-B3 | E3: =IF(B3=0,"-", (C3-B3)/B3)
A4: Average Bill Value (₹) | D4: =C4-B4 | E4: =IF(B4=0,"-", (C4-B4)/B4)
A5: Unique Clients | D5: =C5-B5 | E5: =IF(B5=0,"-", (C5-B5)/B5)
A6: High-Ticket Services (₹1500+) | D6: =C6-B6 | E6: =IF(B6=0,"-", (C6-B6)/B6)
A8: Business Profile Interactions | B8: ='Google Business Profile Data'!B2 | C8: ='Google Business Profile Data'!B3 | D8: =C8-B8 | E8: =IF(B8=0,"-", (C8-B8)/B8)
A9: Profile Views | B9: ='Google Business Profile Data'!C2 | C9: ='Google Business Profile Data'!C3 | D9: =C9-B9 | E9: =IF(B9=0,"-", (C9-B9)/B9)
A10: Search Appearances | B10: ='Google Business Profile Data'!D2 | C10: ='Google Business Profile Data'!D3 | D10: =C10-B10 | E10: =IF(B10=0,"-", (C10-B10)/B10)

Sheet Business Data Consolidation
A1: Period | B1: Total Appointments | C1: Cancelled Appointments | D1: Net Revenue (₹) | E1: Unique Clients | F1: High-Ticket Services
A2: Before Vedhaan (Jul–Sep)
A3: After Vedhaan (Oct–Dec)

Sheet Google Business Profile Data
A1: Period | B1: Profile Interactions | C1: Profile Views | D1: Search Appearances
A2: Before Vedhaan (Aug–Sep) | B2: 301 | C2: 3150 | D2: 926
A3: After Vedhaan (Oct–Dec) | B3: 547 | C3: 6010 | D3: 1480

Sheet Instagram Performance (Post Vedhaan)
A1: Metric | B1: Value | C1: Business Meaning
A2: Total Views | B2: 29175 | C2: Brand visibility
A3: Accounts Reached | B3: 15054 | C3: Local discovery
A4: Non-Follower Reach % | B4: 83% | C4: New audience
A5: Total Interactions | B5: 175 | C5: Engagement
A6: DM Conversations Started | B6: 13 | C6: Lead intent
A7: Profile Visits | B7: 437 | C7: Interest

Sheet Data Integrity & Disclosure
A1: Disclosure
A2: Business performance data aggregated from Easy Salon & Spa software exports.
A3: July–September data grouped as pre-Vedhaan baseline.
A4: October–December data grouped as post-Vedhaan impact; October is a partial onboarding month.
A5: Cancelled and zero-value appointments excluded from revenue calculations.
A6: Google Business Profile comparison based on Aug–Sept vs Oct–Dec due to data availability.
A7: Instagram historical data prior to engagement was unavailable.
